n_clicks,train_accuracy,test_accuracy,train_roc_auc,test_roc_auc
2,0.7585848074921956,0.7469829379941739,0.826844497742487,0.8140465437438461
3,0.8033818938605619,0.7992093216812318,0.8694974138489435,0.8629563498555802
4,0.8147242455775234,0.8060757386600084,0.8867556247444484,0.8792891792321215
5,0.8355359001040583,0.8335414065751144,0.9063139757972074,0.901494914820643
6,0.8436524453694069,0.8397836038285477,0.9180890761898515,0.9128337567264474
7,0.8478147762747138,0.8454015813566376,0.9260798249533099,0.9226486437042831
8,0.8521852237252862,0.8543487307532251,0.9319251636253738,0.9288123228218804
9,0.8568678459937565,0.863712026633375,0.9354085630971659,0.9335846052478931
10,0.8616545265348595,0.8583021223470662,0.9377047049714035,0.9330205355575848
